word,category,score,marathi_meaning
good,positive,2,चांगला
great,positive,3,उत्तम
excellent,positive,3,उत्कृष्ट
outstanding,positive,3,अप्रतिम
wonderful,positive,3,अद्भुत
amazing,positive,3,अद्भुत
best,positive,3,सर्वोत्तम
brilliant,positive,3,झकास
superb,positive,3,लाजवाब
historic,positive,2,ऐतिहासिक
splendid,positive,2,शानदार
beautiful,positive,2,सुंदर
nice,positive,2,छान
happy,positive,2,आनंदी
joy,positive,2,आनंद
delighted,positive,2,आनंदित
pleased,positive,2,प्रसन्न
love,positive,2,प्रेम
like,positive,1,आवडणे
success,positive,2,यश
successful,positive,2,यशस्वी
win,positive,2,जिंकणे
won,positive,2,जिंकला
victory,positive,2,विजय
triumph,positive,2,विजय
celebrate,positive,2,साजरा करणे
congratulations,positive,2,अभिनंदन
thanks,positive,1,धन्यवाद
help,positive,1,मदत
helpful,positive,2,मदतशील
honest,positive,2,प्रामाणिक
praise,positive,2,कौतुक
proud,positive,2,अभिमानी
pride,positive,2,अभिमान
honour,positive,2,सन्मान
honor,positive,2,सन्मान
peace,positive,1,शांती
peaceful,positive,2,शांत
satisfied,positive,2,समाधानी
clean,positive,1,स्वच्छ
fresh,positive,1,ताजा
delicious,positive,2,स्वादिष्ट
easy,positive,1,सोपा
safe,positive,1,सुरक्षित
healthy,positive,2,निरोगी
friendly,positive,2,मैत्रीपूर्ण
kind,positive,2,दयाळू
trust,positive,1,विश्वास
progress,positive,2,प्रगती
improve,positive,1,सुधारणे
improvement,positive,1,सुधारणा
growth,positive,2,वाढ
boost,positive,2,चालना
rise,positive,1,वाढ
surge,positive,2,उसळी
gain,positive,1,लाभ
benefit,positive,2,फायदा
profit,positive,2,नफा
useful,positive,2,उपयुक्त
record,positive,1,विक्रम
brave,positive,2,धाडसी
comfortable,positive,2,आरामदायक
fast,positive,1,जलद
cheap,positive,1,स्वस्त
affordable,positive,1,परवडणारा
inspiring,positive,2,प्रेरणादायी
positive,positive,2,सकारात्मक
hope,positive,1,आशा
optimistic,positive,2,आशावादी
entertaining,positive,2,मनोरंजक
interesting,positive,2,रंजक
fun,positive,2,मजा
prosperous,positive,2,समृद्ध
efficient,positive,2,कार्यक्षम
relief,positive,2,दिलासा
recover,positive,1,सावरणे
recovery,positive,1,सुधारणा
bad,negative,-2,वाईट
poor,negative,-2,खराब
worst,negative,-3,सर्वात वाईट
terrible,negative,-3,भयानक
horrible,negative,-3,भयंकर
awful,negative,-3,भयानक
dirty,negative,-2,घाणेरडा
sad,negative,-2,दुःखी
sorrow,negative,-2,दुःख
unhappy,negative,-2,नाराज
disappointed,negative,-2,निराश
disappointing,negative,-2,निराशाजनक
angry,negative,-2,रागावलेला
anger,negative,-2,राग
outrage,negative,-3,संताप
fear,negative,-2,भीती
panic,negative,-2,घबराट
danger,negative,-2,धोका
dangerous,negative,-2,धोकादायक
trouble,negative,-2,त्रास
boring,negative,-2,कंटाळवाणा
useless,negative,-2,निरुपयोगी
fail,negative,-2,अपयशी होणे
failure,negative,-2,अपयश
defeat,negative,-2,पराभव
lose,negative,-2,हरणे
lost,negative,-2,हरला
loss,negative,-2,तोटा
damage,negative,-2,नुकसान
crash,negative,-2,कोसळणे
fall,negative,-1,घसरण
decline,negative,-1,घट
slump,negative,-2,मंदी
expensive,negative,-1,महाग
difficult,negative,-1,कठीण
crisis,negative,-2,संकट
sick,negative,-2,आजारी
pain,negative,-2,वेदना
death,negative,-3,मृत्यू
dead,negative,-3,मृत
die,negative,-3,मरणे
killed,negative,-3,ठार
injured,negative,-2,जखमी
worry,negative,-2,चिंता
stress,negative,-2,तणाव
corrupt,negative,-3,भ्रष्ट
corruption,negative,-3,भ्रष्टाचार
false,negative,-2,खोटा
fraud,negative,-3,फसवणूक
scam,negative,-3,घोटाळा
violence,negative,-3,हिंसा
crime,negative,-2,गुन्हा
injustice,negative,-3,अन्याय
cruel,negative,-3,क्रूर
lazy,negative,-2,आळशी
rude,negative,-2,उद्धट
weak,negative,-1,कमकुवत
slow,negative,-1,संथ
chaos,negative,-2,गोंधळ
negative,negative,-2,नकारात्मक
hate,negative,-3,द्वेष
shame,negative,-2,लाज
insult,negative,-2,अपमान
complaint,negative,-1,तक्रार
problem,negative,-1,समस्या
delay,negative,-1,उशीर
shortage,negative,-2,टंचाई
pollution,negative,-2,प्रदूषण
drought,negative,-3,दुष्काळ
flood,negative,-2,पूर
war,negative,-3,युद्ध
attack,negative,-3,हल्ला
protest,negative,-1,निदर्शने
unsafe,negative,-2,असुरक्षित
wrong,negative,-2,चुकीचा
mistake,negative,-1,चूक
disaster,negative,-3,आपत्ती
tragedy,negative,-3,शोकांतिका
destroy,negative,-3,उद्ध्वस्त करणे
suffer,negative,-2,सहन करणे / हाल
very,intensifier,1.5,खूप
extremely,intensifier,2.0,अत्यंत
highly,intensifier,1.5,अतिशय
really,intensifier,1.3,खरोखर
so,intensifier,1.3,इतका
too,intensifier,1.3,फार
most,intensifier,1.8,सर्वात
absolutely,intensifier,1.5,अगदी
totally,intensifier,1.5,एकदम
massive,intensifier,1.8,प्रचंड
huge,intensifier,1.8,प्रचंड
major,intensifier,1.3,मोठा
slightly,intensifier,0.5,किंचित
somewhat,intensifier,0.6,जरा
little,intensifier,0.5,थोडा
not,negation,-1,नाही
no,negation,-1,नाही
never,negation,-1,कधीच नाही
nor,negation,-1,ना
without,negation,-1,शिवाय
hardly,negation,-1,क्वचितच
