word,category,weight,english_meaning
निवडणूक,राजकारण,2,election
मतदान,राजकारण,2,voting
मतदार,राजकारण,2,voter
आमदार,राजकारण,2,MLA
खासदार,राजकारण,2,MP
मंत्री,राजकारण,2,minister
मुख्यमंत्री,राजकारण,2,chief minister
पंतप्रधान,राजकारण,2,prime minister
सरकार,राजकारण,1,government
विधानसभा,राजकारण,2,legislative assembly
लोकसभा,राजकारण,2,lok sabha
राज्यसभा,राजकारण,2,rajya sabha
पक्ष,राजकारण,1,party
भाजप,राजकारण,2,BJP
काँग्रेस,राजकारण,2,Congress
शिवसेना,राजकारण,2,Shiv Sena
राष्ट्रवादी,राजकारण,2,NCP
उमेदवार,राजकारण,2,candidate
प्रचार,राजकारण,1,campaign
विरोधक,राजकारण,2,opposition
विरोधी,राजकारण,1,opposing
सत्ता,राजकारण,2,power
सत्ताधारी,राजकारण,2,ruling party
आघाडी,राजकारण,1,alliance / lead
युती,राजकारण,2,coalition
राज्यपाल,राजकारण,2,governor
नगरसेवक,राजकारण,2,corporator
महापालिका,राजकारण,1,municipal corporation
जाहीरनामा,राजकारण,2,manifesto
राजीनामा,राजकारण,2,resignation
अधिवेशन,राजकारण,2,session
आंदोलन,राजकारण,1,agitation
क्रिकेट,क्रीडा,2,cricket
सामना,क्रीडा,2,match
फलंदाज,क्रीडा,2,batsman
गोलंदाज,क्रीडा,2,bowler
धावा,क्रीडा,2,runs
शतक,क्रीडा,2,century
विकेट,क्रीडा,2,wicket
संघ,क्रीडा,1,team
कर्णधार,क्रीडा,2,captain
खेळाडू,क्रीडा,2,player
स्पर्धा,क्रीडा,1,tournament
फुटबॉल,क्रीडा,2,football
हॉकी,क्रीडा,2,hockey
कबड्डी,क्रीडा,2,kabaddi
कुस्ती,क्रीडा,2,wrestling
ऑलिम्पिक,क्रीडा,2,olympics
पदक,क्रीडा,2,medal
सुवर्णपदक,क्रीडा,2,gold medal
विश्वचषक,क्रीडा,2,world cup
मैदान,क्रीडा,1,ground
टेनिस,क्रीडा,2,tennis
बॅडमिंटन,क्रीडा,2,badminton
अजिंक्यपद,क्रीडा,2,championship
आयपीएल,क्रीडा,2,IPL
बाजार,अर्थकारण,1,market
शेअर,अर्थकारण,2,share
सेन्सेक्स,अर्थकारण,2,sensex
निफ्टी,अर्थकारण,2,nifty
गुंतवणूक,अर्थकारण,2,investment
गुंतवणूकदार,अर्थकारण,2,investor
बँक,अर्थकारण,2,bank
कर्ज,अर्थकारण,1,loan
व्याजदर,अर्थकारण,2,interest rate
महागाई,अर्थकारण,2,inflation
अर्थसंकल्प,अर्थकारण,2,budget
जीएसटी,अर्थकारण,2,GST
कंपनी,अर्थकारण,1,company
उद्योग,अर्थकारण,1,industry
व्यापार,अर्थकारण,2,trade
निर्यात,अर्थकारण,2,export
आयात,अर्थकारण,2,import
रुपया,अर्थकारण,2,rupee
डॉलर,अर्थकारण,2,dollar
नफा,अर्थकारण,2,profit
रिझर्व्ह,अर्थकारण,2,reserve (RBI)
सोने,अर्थकारण,1,gold
अर्थव्यवस्था,अर्थकारण,2,economy
उलाढाल,अर्थकारण,2,turnover
चित्रपट,मनोरंजन,2,film
सिनेमा,मनोरंजन,2,cinema
अभिनेता,मनोरंजन,2,actor
अभिनेत्री,मनोरंजन,2,actress
दिग्दर्शक,मनोरंजन,2,director
नाटक,मनोरंजन,2,play / drama
मालिका,मनोरंजन,2,TV serial
गाणे,मनोरंजन,1,song
गायक,मनोरंजन,2,singer
संगीत,मनोरंजन,2,music
बॉलिवूड,मनोरंजन,2,bollywood
प्रदर्शित,मनोरंजन,2,released
ट्रेलर,मनोरंजन,2,trailer
पुरस्कार,मनोरंजन,1,award
कलाकार,मनोरंजन,2,artist
भूमिका,मनोरंजन,1,role
प्रेक्षक,मनोरंजन,2,audience
रंगभूमी,मनोरंजन,2,theatre stage
वेबसीरिज,मनोरंजन,2,web series
चित्रीकरण,मनोरंजन,2,shooting
रुग्णालय,आरोग्य,2,hospital
डॉक्टर,आरोग्य,2,doctor
रुग्ण,आरोग्य,2,patient
आजार,आरोग्य,2,illness
लस,आरोग्य,2,vaccine
लसीकरण,आरोग्य,2,vaccination
उपचार,आरोग्य,2,treatment
औषध,आरोग्य,2,medicine
आरोग्य,आरोग्य,2,health
साथ,आरोग्य,1,epidemic
डेंग्यू,आरोग्य,2,dengue
मलेरिया,आरोग्य,2,malaria
कोरोना,आरोग्य,2,corona
संसर्ग,आरोग्य,2,infection
शस्त्रक्रिया,आरोग्य,2,surgery
कर्करोग,आरोग्य,2,cancer
मधुमेह,आरोग्य,2,diabetes
वैद्यकीय,आरोग्य,2,medical
आहार,आरोग्य,1,diet
व्यायाम,आरोग्य,1,exercise
शाळा,शिक्षण,2,school
महाविद्यालय,शिक्षण,2,college
विद्यापीठ,शिक्षण,2,university
विद्यार्थी,शिक्षण,2,student
शिक्षक,शिक्षण,2,teacher
परीक्षा,शिक्षण,2,examination
निकाल,शिक्षण,1,result
बारावी,शिक्षण,2,12th standard
दहावी,शिक्षण,2,10th standard
प्रवेश,शिक्षण,1,admission
अभ्यासक्रम,शिक्षण,2,syllabus
शिष्यवृत्ती,शिक्षण,2,scholarship
पदवी,शिक्षण,2,degree
प्राध्यापक,शिक्षण,2,professor
शैक्षणिक,शिक्षण,2,academic
शिक्षण,शिक्षण,2,education
बोर्ड,शिक्षण,1,board
पाऊस,हवामान व कृषी,2,rain
मान्सून,हवामान व कृषी,2,monsoon
हवामान,हवामान व कृषी,2,weather
शेतकरी,हवामान व कृषी,2,farmer
शेती,हवामान व कृषी,2,farming
पीक,हवामान व कृषी,2,crop
पिके,हवामान व कृषी,2,crops
कापूस,हवामान व कृषी,2,cotton
सोयाबीन,हवामान व कृषी,2,soybean
ऊस,हवामान व कृषी,2,sugarcane
कांदा,हवामान व कृषी,2,onion
गारपीट,हवामान व कृषी,2,hailstorm
दुष्काळ,हवामान व कृषी,2,drought
पूर,हवामान व कृषी,2,flood
धरण,हवामान व कृषी,2,dam
पाणीसाठा,हवामान व कृषी,2,water storage
तापमान,हवामान व कृषी,2,temperature
थंडी,हवामान व कृषी,1,cold
अतिवृष्टी,हवामान व कृषी,2,heavy rainfall
कर्जमाफी,हवामान व कृषी,2,loan waiver
खरीप,हवामान व कृषी,2,kharif season
रब्बी,हवामान व कृषी,2,rabi season
हमीभाव,हवामान व कृषी,2,MSP
पोलीस,गुन्हे,2,police
गुन्हा,गुन्हे,2,crime
अटक,गुन्हे,2,arrest
चोरी,गुन्हे,2,theft
चोर,गुन्हे,2,thief
खून,गुन्हे,2,murder
हत्या,गुन्हे,2,killing
आरोपी,गुन्हे,2,accused
न्यायालय,गुन्हे,1,court
तपास,गुन्हे,2,investigation
फसवणूक,गुन्हे,2,fraud
दरोडा,गुन्हे,2,robbery
लाच,गुन्हे,2,bribe
तुरुंग,गुन्हे,2,jail
कोठडी,गुन्हे,2,custody
जामीन,गुन्हे,2,bail
अपघात,गुन्हे,1,accident
फरार,गुन्हे,2,absconding
छापा,गुन्हे,2,raid
मोबाइल,तंत्रज्ञान,2,mobile
इंटरनेट,तंत्रज्ञान,2,internet
स्मार्टफोन,तंत्रज्ञान,2,smartphone
संगणक,तंत्रज्ञान,2,computer
ॲप,तंत्रज्ञान,2,app
सॉफ्टवेअर,तंत्रज्ञान,2,software
कृत्रिम,तंत्रज्ञान,1,artificial
बुद्धिमत्ता,तंत्रज्ञान,1,intelligence
सायबर,तंत्रज्ञान,2,cyber
डिजिटल,तंत्रज्ञान,2,digital
इस्रो,तंत्रज्ञान,2,ISRO
उपग्रह,तंत्रज्ञान,2,satellite
अंतराळ,तंत्रज्ञान,2,space
रॉकेट,तंत्रज्ञान,2,rocket
तंत्रज्ञान,तंत्रज्ञान,2,technology
ऑनलाइन,तंत्रज्ञान,2,online
संकेतस्थळ,तंत्रज्ञान,2,website
रोबोट,तंत्रज्ञान,2,robot
पोलिस,गुन्हे,2,police (variant)
